{"cameraMode":{"drawMode":0,"name":"Shaded","section":"Shading Mode"},"sceneLighting":false,"audioPlay":false,"sceneViewState":{"showFog":true,"showMaterialUpdate":false,"showSkybox":false,"showFlares":true,"showImageEffects":true,"showParticleSystems":true},"in2DMode":false,"pivot":{"x":2.033639907836914,"y":4.089269638061523,"z":0.9700760841369629},"rotation":{"x":0.01919117011129856,"y":-0.24609887599945069,"z":0.004867336712777615,"w":0.9690493941307068},"size":1.414214015007019,"orthographic":false}