{"cameraMode":{"drawMode":0,"name":"Shaded","section":"Shading Mode"},"sceneLighting":false,"audioPlay":false,"sceneViewState":{"showFog":true,"showMaterialUpdate":false,"showSkybox":false,"showFlares":true,"showImageEffects":true,"showParticleSystems":true},"in2DMode":false,"pivot":{"x":0.7460000514984131,"y":-0.5771684050559998,"z":1.4339995384216309},"rotation":{"x":0.092269167304039,"y":-0.7295018434524536,"z":0.10042064636945725,"w":0.6702525615692139},"size":0.5134908556938171,"orthographic":false}