{"cameraMode":{"drawMode":0,"name":"Shaded","section":"Shading Mode"},"sceneLighting":false,"audioPlay":false,"sceneViewState":{"showFog":true,"showMaterialUpdate":false,"showSkybox":false,"showFlares":true,"showImageEffects":true,"showParticleSystems":true},"in2DMode":false,"pivot":{"x":3.0077085494995119,"y":1.249000072479248,"z":-7.505589962005615},"rotation":{"x":0.05935056135058403,"y":0.6886873841285706,"z":-0.056737691164016727,"w":0.7203964591026306},"size":1.2524210214614869,"orthographic":false}