{"cameraMode":{"drawMode":0,"name":"Shaded","section":"Shading Mode"},"sceneLighting":true,"audioPlay":false,"sceneViewState":{"showFog":true,"showMaterialUpdate":false,"showSkybox":true,"showFlares":true,"showImageEffects":true,"showParticleSystems":true},"in2DMode":false,"pivot":{"x":3.1574010848999025,"y":1.4198946952819825,"z":-8.795988082885743},"rotation":{"x":0.092269167304039,"y":-0.7295018434524536,"z":0.10042064636945725,"w":0.6702525615692139},"size":3.053762435913086,"orthographic":false}