{"cameraMode":{"drawMode":0,"name":"Shaded","section":"Shading Mode"},"sceneLighting":true,"audioPlay":false,"sceneViewState":{"showFog":true,"showMaterialUpdate":false,"showSkybox":true,"showFlares":true,"showImageEffects":true,"showParticleSystems":true},"in2DMode":false,"pivot":{"x":-1.1922701597213746,"y":-1.5034916400909424,"z":-6.007065296173096},"rotation":{"x":0.11766078323125839,"y":0.6869978308677673,"z":-0.11418282240629196,"w":0.7079227566719055},"size":3.3033621311187746,"orthographic":false}